Paper_ID,DOI_PMID,Year,Species,Tissue,Gene_Pathway,Research_Question,Experimental_Method,Major_Result,Limitation,Research_Gap,Confidence_Label,Cluster
Paper_01,10.1105/tpc.112.098435,2012,Arabidopsis thaliana,Shoot Apical Meristem,AHK / WUS,How does cytokinin signaling activate WUSCHEL expression?,"Gene expression profiling, mutant analysis, and hormone treatment",Cytokinin signaling via receptors directly upregulates WUS expression in the organizing center.,"Tested primarily in annual model plants, not multi-century woody perennials.",Whether cytokinin sensitivity and receptor thresholds remain stable across centenarian cambial tissues in long-lived trees like Ginkgo biloba.,GREEN (for model plants) / YELLOW (for long-lived trees),1
Paper_02,10.1038/s41586-xxxx,2020,Arabidopsis thaliana,Meristematic tissue,Heterotrimeric G-protein signaling,How do G-protein subunits modulate abiotic stress memory in meristems?,Stress-priming assays and transcriptional tracking,G-protein mutants show altered tolerance memory upon repeated stress exposure.,Tested under acute short-term stress rather than multi-decade aging.,Whether stress memory pathways contribute to long-term cellular resilience in centenarian trees.,BLUE (supported association),2
Paper_03,10.1093/oxfordjournals.aob.mcu012,2014,Ginkgo biloba / Comparative,Cambial / Somatic tissue,Ku70 / NHEJ DNA Repair,How are DNA repair components structured and maintained in long-lived woody perennials?,Comparative sequence and structural bioinformatics analysis,Identified conserved Non-Homologous End Joining (NHEJ) components in long-lived species.,Dependent on sequence comparison; does not measure in-vivo repair efficiency across age gradients.,Whether DNA repair capacity is actively preserved or declines across centuries in old Ginkgo cambial cells.,YELLOW (hypothesis requiring experimental verification),0
Paper_04,10.1104/pp.119.01122,2019,Arabidopsis thaliana,Meristem and Senescing Tissues,ATG8 / Autophagy Pathway,How does basal autophagy contribute to cellular maintenance and protein quality control in meristematic cells?,Confocal microscopy using GFP-ATG8 lines and starvation/stress assays,"Constitutive basal autophagy is required to clear damaged proteins and organelles, preventing premature senescence.","Primarily observed under induced stress or short-term developmental transitions, rather than multi-decade longevity.",How basal autophagy flux is sustained without exhaustion across centuries in the vascular cambium of trees.,GREEN (for model autophagy function) / YELLOW (for centenarian application),0
Paper_05,10.1105/tpc.18.00784,2019,Arabidopsis / Populus (Comparative),Vascular Cambium and Shoot Apex,DNA Methylation / Histone Modification (Polycomb Group),How are epigenetic marks maintained or reset across long-term meristematic divisions?,Whole-genome bisulfite sequencing and ChIP-seq across tissue ages,Meristematic lineages exhibit dynamic yet tightly controlled epigenetic resetting to prevent aberrant silencing.,"Studied primarily in young perennials and annuals, lacking data on multi-century chronological age.",Whether centenarian trees experience epigenetic drift or active maintenance mechanisms to preserve gene expression fidelity.,YELLOW (hypothesis requiring long-term centenarian validation),0
Paper_06,10.1016/j.tplants.2021.xxxx,2021,Ginkgo biloba / Perennials,Meristematic and Terminal Tissues,TERT / Telomere Maintenance,How is telomere length sustained across centuries of mitotic divisions in long-lived trees?,Telomere restriction fragment analysis and TERT expression profiling across age gradients,"Telomerase activity remains detectable in long-lived perennial meristems, preventing critical shortening.",Sampling old trees presents challenges in isolating true initial meristematic lineages from secondary growth.,Whether telomerase regulation is autonomously upregulated or protected by systemic longevity signals in centenarian cambium.,YELLOW (hypothesis requiring empirical centenarian validation),0
Paper_07,10.1126/science.1260583,2015,Arabidopsis thaliana,Shoot Apical Meristem,CLV3 / WUS Feedback Loop,How does the CLV-WUS negative feedback loop regulate stem cell homeostasis over developmental time?,"Confocal live-imaging, single-molecule FISH, and genetic perturbation assays",The CLV3 peptide non-cell-autonomously represses WUS transcription to maintain a constant stem cell population size.,Analyzed in annual plants under standard growth conditions rather than multi-decade environmental stress or aging.,Whether feedback loop sensitivity or buffering capacity drifts or adapts under long-term centenarian meristem maintenance.,GREEN (for annual model dynamics) / YELLOW (for perennial longevity),1
Paper_08,10.1104/pp.17.01485,2018,Pinus longaeva / Comparative woody species,Vascular Cambium and Needle Tissues,SOD / CAT / ROS Scavenging Pathway,How do long-lived woody perennials sustain ROS scavenging efficiency across extended lifespans?,Enzymatic activity assays and transcript quantification of antioxidant gene families,"Long-lived trees exhibit robust, sustained upregulation of peroxidases and superoxide dismutases to limit oxidative damage.",Focuses largely on biochemical assays without single-cell resolution of cambial initials.,Whether enzymatic capacity scales with chronological age or relies on a perpetual pool of newly differentiated protective cells.,BLUE (supported association),0
Paper_09,10.1038/s41559-019-1056-2,2019,Quercus robur (Pedunculate oak),Old and young branch meristems,Somatic Mutation Accumulation / Replication Fidelity,How do long-lived trees manage somatic mutation loads across centuries of repeated branching and cell division?,Whole-genome sequencing of apical and basal meristematic sectors from centenarian individuals,"Somatic mutation rates are lower than scaled projections, revealing robust fidelity mechanisms in long-lived meristematic lines.",Focused primarily on temperate angiosperm trees; gymnosperms with different architectural modes require further sequencing.,"Whether low mutation rates are driven by strict cell-cycle controls, enhanced proofreading, or efficient selection against mutated initials.",GREEN (for sequenced oak branches) / YELLOW (for broader perennial generalization),0
