Step,Step Name,Category,Core Biological Mechanism,Specific Molecular Players,Evidence Label,Experimental Method & Metric,Human Cellular Aging Parallel,Unresolved Research Gap
1,Meristem Biology & Niche Architecture,Meristem Signaling & Niche Architecture,Dual primary/secondary growth zones (SAM & Vascular Cambium) balancing self-renewal and continuous organogenesis; slow division rate in Central Zone protecting stem-cell reservoir.,"SAM (L1, L2, L3, CZ, PZ, OC), Vascular Cambium, AHK2, AHK4, TPX2, CYC1BAT, CDC20.1, Ku70 (XRCC6)",Established (Green) / Supported (Blue) / Hypothesis (Yellow),SAM dome width/height ratio; periclinal vs. anticlinal division frequency; Tree-NEB snRNA-seq for SNV rates,Spatial organization of hematopoietic (HSC) & neural (NSC) adult stem cell niches preventing division fatigue.,"Quantifying whether spatial Central Zone quiescence alone limits somatic SNVs over 1,000+ years."
2,WUS–CLV Spatial Signaling Rheostat,Meristem Signaling & Niche Architecture,"WUSCHEL translocates from OC to CZ to activate CLV3; CLV3 diffuses downward to activate CLV1/BAM1 receptor complexes, repressing WUS in a spatial negative feedback loop.","WUS, CLV3, CLV1, CLV2, BAM1, FIN, SlCLV3, SlCLE9",Established (Green) / Hypothesis (Yellow),Live confocal imaging of pWUS::GFP & pCLV3::mCherry; tomato locule count quantification in slclv3 mutants,Homeostatic negative feedback signaling maintaining adult stem cell pool size and preventing tumorous expansion.,Epigenetic and transcriptional buffering mechanisms preventing fasciation (clv) or stem-cell termination (wus) in centenarian trees.
3,Regeneration & Cytokinin/Auxin Niche Respecification,Meristem Signaling & Niche Architecture,"Auxin pretreatment upregulates AHK4 receptors; localized cytokinin thresholds trigger ~40-fold WUS induction, and WUS represses ARR5 to lock in de novo stem-cell niche respecification.","Cytokinin, Auxin, LOG, AHK2, AHK4/CRE1, WUS, ARR5 (Type-A ARR), CRC, TRN2",Established (Green) / Hypothesis (Yellow),In vitro shoot organogenesis regeneration frequency; qRT-PCR for WUS transcript fold-induction post-cytokinin treatment,Induced pluripotency (iPSC reprogramming) and tissue regeneration following mechanical trauma or ischemic injury.,How centenarian trees execute post-damage organogenesis/rejuvenation without triggering uncontrolled fasciation or cell fate decay.
4,"Stress Priming, Apical Hypoxia & G-Protein Hubs",Meristem Signaling & Niche Architecture,"Apical hypoxic gradient and pre-accumulated NAC/WRKY/bZIP TFs prime SAM for stress; self-activating G-protein subunits (Gα/CT2, Gβ/SlGB1) couple with CLV receptors and restrict bHLH79-MYB10 to prevent toxic phenolamide SAM lethality.","CT2 (Gα), SlGB1 (Gβ), FEA2 (CLV2), RPK2, AGB1, bHLH79, MYB10, THT5/8, CLE25, BAM1/BAM2, NCED3, 19 priming genes (TPX2, CYC1BAT, CDC20.1)",Established (Green) / Supported (Blue) / Hypothesis (Yellow),Salt stress survival assays (100-150 mM NaCl); tyramine-derived phenolamide HPLC-MS quantification; NCED3 expression,Heterotrimeric G-protein GPCR signaling networks and metabolic stress adaptation preserving adult stem cell viability.,Whether G-protein/phenolamide metabolic restriction is a causal driver of multi-century meristem preservation.
5,DNA Repair & Genome Stability (Ku70/80 Scaffold),Genomic Integrity & Proteostasis,Ku70/Ku80 heterodimer ring scaffold threads broken DNA duplex ends sequence-independently to mediate high-fidelity Non-Homologous End Joining (NHEJ) and protect broken ends from nucleolytic decay.,"Ku70 (XRCC6), Ku80 (XRCC5), RAD51, TPX2, CDC20.1, Topoisomerase II",Established (Green) / Hypothesis (Yellow),"BLASTp sequence alignment (68.4% identity, 100% basic channel identity, E=0.0); gamma-H2AX foci clearance half-life (t1/2) post-IR",Human Ku70 (XRCC6) / Ku80 (XRCC5) NHEJ pathway protecting somatic genomes from double-strand break accumulation and senescence.,Interspecies complementation capacity and double-strand break repair kinetics of GbKu70 in human XRCC6-deficient cell lines.
6,Epigenetic & Chromatin Maintenance (Polycomb & KNU),Genomic Integrity & Proteostasis,"AGAMOUS recruits Polycomb Group proteins (TFL2/LHP1) to deposit repressive H3K27me3 marks at WUS; KNU displaces SWI/SNF remodeler SPLAYED (SYD) and recruits MIF2, TOPLESS (TPL), and HDA19 to enforce histone deacetylation and lock in chromatin condensation.","AGAMOUS (AG), TFL2/LHP1, H3K27me3, KNUCKLES (KNU), SPLAYED (SYD), MIF2, TOPLESS (TPL), HDA19",Established (Green) / Supported (Blue) / Hypothesis (Yellow),ChIP-qPCR for H3K27me3 and HDA19 enrichment at WUS promoter; bisulfite sequencing for age-associated DNA methylation drift,Polycomb repressive complexes (PRC1/PRC2) and HDACs maintaining epigenetic identity and preventing transcriptional drift in stem cells.,"How indeterminate vegetative and cambial meristems shield core homeodomain promoters (WUS, WOX4) from age-dependent Polycomb silencing over 600+ years."
7,Autophagy & Quality Control (ATG8-II / NBR1 Flux),Genomic Integrity & Proteostasis,ATG8 ubiquitin-like conjugation system undergoes PE lipidation to drive autophagosome biogenesis; selective receptor NBR1 tethers polyubiquitinated protein aggregates and damaged organelles for vacuolar clearance.,"ATG8 (GbATG8 / MAP1LC3B), NBR1 (p62 / SQSTM1), Bafilomycin A1, SlGB1",Established (Green) / Supported (Blue) / Hypothesis (Yellow),Bafilomycin A1 vacuolar flux blockade assays; western blot ATG8-I to ATG8-II conversion ratios under heat/oxidative shock,MAP1LC3B (LC3B) and p62/SQSTM1 mediated macroautophagy clearing cytotoxic aggregates in human stem cells to prevent exhaustion.,"Quantitative measurement of net autophagic clearance capacity across 15y, 200y, and 600+y tree age cohorts under acute stress."
8,Proteostasis & Redox Control (Chaperones & ROS),Genomic Integrity & Proteostasis,"Molecular chaperones (HSP70, HSP90, sHSPs) assist in polypeptide refolding and prevent aggregation; enzymatic antioxidant cascade (SOD, CAT, APX, GPX) dismutates superoxide radicals and reduces H2O2 to protect stem-cell membranes and mitochondria.","HSP70, HSP90, sHSPs, SOD, CAT, APX, GPX, SlGB1, primary carbohydrate memory genes",Established (Green) / Supported (Blue) / Hypothesis (Yellow),Spectrophotometric enzymatic activity assays (SOD/CAT/APX units/mg protein); malondialdehyde (MDA) lipid peroxidation assays,Heat shock response (HSP70/HSP90) and ROS scavenging systems preventing protein cross-linking and mitochondrial decay in aging human tissues.,Structural compartmentalization and baseline stability of antioxidant enzymes in multi-century cambial files versus short-lived controls.
9,Comparative Analysis (15y vs. 200y vs. 600+y Ginkgo),Comparative Analysis & Synthesis,"Evaluating transcriptomic, epigenomic, and proteomic trajectories across 15y, 200y, and 600+y age cohorts; testing whether ancient trees undergo Vegetative Phase Aging (miR156 decay / miR172 rise) or maintain Heterochronic Shielding (sustained GbAIL1 expression).","gbi-miR156, gbi-miR172, GbAIL1, Ku70/80, ATG8, TPX2, CDC20.1, WOX4, WUS",Established (Green) / Supported (Blue) / Hypothesis (Yellow),Small RNA-seq and qRT-PCR for miR156/172 log2 ratios; comparative multi-omics profiling across tree age gradients,Comparative biomarker studies between centenarian human cohorts and young controls to identify non-senescing longevity hallmarks.,Decoupling chronological age from biological senescence across multi-century perennial life spans.
10,Audit & Gap Identification (Facts vs. Open Gaps),Comparative Analysis & Synthesis,"Systematic literature auditing and matrix filtering to separate verified annual/crop biology from open perennial longevity questions, isolating 4 primary gap pillars (spatial SNV suppression, stress priming causality, epigenetic drift resistance, and cross-kingdom translation).","All 12-step pathway targets (WUS-CLV, WOX4-PXY, Ku70/80, ATG8/NBR1, GbAIL1, TPX2, SlGB1)",Hypothesis / Research Gap (Yellow),Matrix evidence audit; causal vs. correlational perturbation analysis; gap prioritization matrix,Systematic reviews filtering correlational human aging hallmarks from causal drivers of stem-cell longevity.,Establishing causal proofs for tree longevity mechanisms using targeted genetic and physical perturbations.
11,Experimental Hypothesis Design & Testing Protocols,Experimental Blueprint & Translation,"Formulating concrete, methodologically rigorous experimental protocols (Tree-NEB snRNA-seq for SNVs, miR156/172/GbAIL1 in situ hybridization, Bafilomycin A1 autophagic flux assays, and pLenti-EF1a-GbKu70-3xFLAG CRISPR rescue in human cells).","Tree-NEB buffer (2.0% PVP-40, 1.0% PEG-8000, 30%/40% OptiPrep gradient), gbi-miR156/172, GbAIL1, Bafilomycin A1, GbATG8, sgXRCC6, pLenti-EF1a-GbKu70-3xFLAG, human Ku80",Hypothesis (Yellow) / Actionable Protocol,Single-nucleotide variant (SNV) frequency / cell division cycle; autophagic flux delta (Delta ATG8-II); gamma-H2AX foci clearance half-life (t1/2) post-IR,Preclinical gene therapy and CRISPR knock-in protocols testing evolutionary adaptations in human cellular models.,"Empirical execution and validation of proposed single-cell, autophagic, and interspecies CRISPR protocols."
12,Human Cellular Aging Comparison & Translation,Experimental Blueprint & Translation,"Translating plant meristem longevity principles (Ku70 68.4% identity & 100% basic channel conservation, ATG8/NBR1 flux, spatial CZ niche quiescence) into human stem-cell maintenance, regenerative medicine, and DNA repair frameworks.","GbKu70 / human XRCC6, human Ku80 (XRCC5), GbATG8 / human MAP1LC3B, NBR1 / human p62 (SQSTM1), HSC/NSC adult stem-cell niches",Hypothesis / Mechanistic Translation (Yellow),Interspecies Co-IP binding affinity; gamma-H2AX clearance kinetics; comparative SNV rates in human HSCs vs. tree cambium,"Human hematopoietic stem cell (HSC) and neural stem cell (NSC) exhaustion models, progeria, and DNA repair therapies.",Testing whether GbKu70 or GbATG8 expression in human cells provides functional protection against radiation or senescence without triggering immune reactivity or oncogenic transformation.
