Paper title,Year,Plant species,Meristem studied,Gene/protein/pathway,Experimental method,Major finding,Environmental or hormonal factor,Limitation,Potential research gap,Source
Multiple feedback loops through cytokinin signaling control stem cell number within the Arabidopsis shoot meristem,2009,Arabidopsis thaliana,"Shoot Apical Meristem (SAM), Floral Meristem","WUSCHEL (WUS), CLAVATA1 (CLV1), CLAVATA3 (CLV3), ARR5, AHK2, AHK4, cytokinin signaling pathway","Confocal live imaging, qRT-PCR, computational modeling, cytokinin (BAP) treatment, genetic mutant analysis (clv1-11, clv3-2, ahk2, ahk3, ahk4)",Cytokinin establishes a spatial domain for WUS induction through CLV-dependent and CLV-independent pathways; AHK2 and AHK4 are required for WUS up-regulation by cytokinin.,"Cytokinin (6-benzylaminopurine, BAP) concentrations (e.g., 400-600  $\mu$ M threshold for WUS induction), Auxin pretreatment (for regeneration)",High levels of exogenous cytokinin were required to disrupt spatial distribution due to suppressors like Type-A ARRs and AHP6.,Future studies need to determine if cytokinin acts as a signaling cue to relay information between different SAM domains as zones change during growth.,1
Shoot Apical Meristem Modeling & Cytokinin Assays,Not in source,Arabidopsis thaliana  (Col-0 and L-er),Shoot Apical Meristem (SAM),"CLV1, CLV3, WUS, AHK2, AHK4, ARR5","Confocal imaging (pWUS::DsRed, pTCS::GFP), qRT-PCR, 3D computational dome models",Cytokinin triggers a ~40-fold induction of WUS transcription while CLV1 transcript levels decrease by ~90%; WUS represses Type-A ARRs (ARR5) to reinforce signaling.,BAP (N6-benzylaminopurine) at  $10^{-7}$  M to 1 mM; 10  $\mu$ M cycloheximide pre-treatment,Missing data on specific epigenetic pathways or specific cell-layer dynamics.,Transitions between indeterminate maintenance and organogenesis; epigenetic regulation within the CZ/OC boundary.,2
From stem cell dynamics to field phenotypes: genetic and environmental factors in tomato multilocular malformation,2025,Tomato ( Solanum lycopersicum ),Shoot Apical Meristem (SAM) and Floral Meristem (FM),CLV3-WUS feedback inhibitory loop,"QTL analysis, functional analysis (overexpression and silencing), and CRISPR/Cas9 promoter editing",The CLV3-WUS axis acts as a central rheostat balancing stem cell renewal and differentiation; mutations in SlCLV3 or the SlWUS promoter (lc and fas loci) increase locule number by disrupting this feedback.,"6-12  $^{\circ}$ C low night temperature stress; high-temperature stress; hormonal imbalances (GA, CK, ET, ABA)",Complex epistasis and dosage sensitivity make outcomes idiosyncratic.,Mapping how environmental stressors reshape locule determination through specific epigenetic pathways like DNA methylation or histone acetylation.,3
Transcriptomics Using the Enriched Arabidopsis Shoot Apex Reveals Developmental Priming Genes Involved in Plastic Plant Growth under Salt Stress Conditions,2022,Arabidopsis thaliana,Shoot Apical Meristem (SAM),"CLV3-WUS feedback loop; developmental priming genes (TPX2, CYC1BAT, HIK, PAKRP1L, GGL2, UGT73B2, ENODL14, ENODL15)","RNA sequencing (RNA-seq), Transcriptome analysis, qRT-PCR, Seedling survival assay",Identification of 121 developmental priming genes; shoot meristem tissues possess intrinsically accumulated stress-responsive transcripts and cell division regulators providing high viability under salt stress.,"100 mM, 150 mM, 200 mM NaCl (salt stress); Auxin; Brassinosteroids",RNA-seq using enriched shoot apices lacks the resolution of functional zone/layer-specific cell analysis.,The specific biological functions of the identified 19 priming genes in regulating shoot development and stress responses in planta remain to be fully determined.,4
Developmental Priming & RNA-Seq Under Salt Stress,2022,Arabidopsis thaliana,Shoot Apical Meristem (SAM),"19 priming genes (STM, ATHB13, ANT, WRKY6), CLV3-WUS","RNA-Seq, K-means hierarchical clustering, DEG Venn diagrams",clv3-2 mutants exhibit enhanced salt tolerance without canonical stress gene alteration; 19 core genes pre-accumulate to enable plasticity.,100 mM and 150 mM NaCl (salt stress),Lack of data on the role of specialized hypoxic niches in long-term salt adaptation.,Mechanism of metabolic buffering in stem cells under extreme drought/osmotic challenge.,2
From stem cell dynamics to field phenotypes: genetic and environmental factors in tomato multilocular malformation,2025,Tomato ( Solanum lycopersicum ),Floral Meristem (FM),AG-WUS feedback loop / AG-KNU-MIF2-TPL-HDA19 complex,"Confocal imaging, transcriptomic analysis, and epigenetic profiling (Polycomb recruitment)",AG terminates floral stem cell activity by recruiting Polycomb Group proteins (TFL2/LHP1) early and activating KNU at stage 6 to establish H3K27me3-mediated repression of WUS.,"High-temperature stress inhibits SlCRCa and BR biosynthesis, preserving WUS activity and preventing FM termination.",Not in source,Specific cell-layer dynamics of epigenetic marks under fluctuating light levels.,3
The G protein  $\beta$  subunit SlGB1 regulates tyramine-derived phenolamide metabolism for shoot apex growth and development in tomato,2025,Tomato ( Solanum lycopersicum ),Shoot Apical Meristem (SAM),"SlGB1 (G $\beta$  subunit) / Phenolamide biosynthesis (THT5/8), G $\gamma$  subunits (Type-A, B, C)","CRISPR/Cas9 editing, transcriptomic and metabolomic analyses, silencing in NahG plants","SlGB1 loss leads to SAM lethality by releasing bHLH79 to upregulate phenolamides; Type-C G $\gamma$  knockout increases SAM size, while simultaneous Type-A/B knockout causes SAM lethality.",Salicylic acid (NahG lines used to test independence),Lethality in homozygous mutants limits study of adult reproductive traits; data on individual Type-A vs Type-B G $\gamma$  contributions is missing.,Detailed epigenetic regulation of bHLH79-MYB10 complex; specific G $\gamma$ -G $\beta$  combinations required for metabolic homeostasis.,5
Heterotrimeric G-Protein Signalling Architecture,2025,"Tomato, Maize, Rice, Arabidopsis",Shoot Apical Meristem (SAM),"G $\alpha$  (GPA1/CT2), G $\beta$  (AGB1/SlGB1), G $\gamma$  (GS3), FEA2, RPK2, bHLH79, MYB10","CRISPR editing, domain schematics analysis, phenotype branch point mapping",G $\alpha$  (CT2) binds FEA2 to limit SAM overgrowth in maize; loss of SlGB1 in tomato leads to meristem arrest via tyramine-derived phenolamide accumulation.,Not in source,Seedling lethality in G $\beta$  mutants (SlGB1) prevents long-term SAM analysis.,Non-canonical GPCR-independent G-protein activation triggers in varied abiotic contexts.,2
Deciphering Genomic Longevity: Evolutionary Conservation of the Ku70/XRCC6 Repair Architecture,Not in source,Ginkgo biloba,Vascular cambium and apical meristems,"Ku70/XRCC6, NHEJ (Non-Homologous End Joining) pathway","Bioinformatics (NCBI BLASTp, InterPro), Biopython sequence profiling",Ginkgo and human Ku70 share 68.4% sequence identity; structural core domain is preserved across a billion years.,Centuries of oxidative stress and UV radiation,Study limited to in silico comparison; lack of in vivo protein stability data across centuries.,Post-translational modifications (phosphorylation/SUMOylation) of Ku70 in gymnosperms vs humans.,2
The maize G $\alpha$  gene COMPACT PLANT2 functions in CLAVATA signalling to control shoot meristem size,2013,Maize ( Zea mays ),Shoot Apical Meristem (SAM),CT2 (G $\alpha$  subunit) / CLAVATA signaling (interacts with FEA2),Mutant analysis (ct2-null and Q223L constitutively active point mutation),CT2 interacts with FEA2 (CLV2 ortholog) to regulate SAM size; loss of function causes broader SAM and robust inflorescence branching.,Not in source,Constitutively active CT2 only partially rescued the mutant phenotype.,Molecular mechanism of CT2 interaction with other CLAVATA receptors besides FEA2.,5
Heterotrimeric G-protein  $\alpha$  subunit (LeGPA1) confers cold stress tolerance to processing tomato plants,2020,Tomato ( Solanum lycopersicum ),Not in source,LeGPA1 (G $\alpha$  subunit) / Antioxidant system,Overexpression analysis,LeGPA1 improves cold stress tolerance by boosting antioxidant enzyme activity.,4  $^{\circ}$ C cold stress,Missing data on the upstream sensor that activates GPA1 during cold perception.,Potential for epigenetic modifications in GPA1-mediated cold acclimation.,5